Index,Date Created,Temperature(Â°C),Humidity(%),CO2(ppm),Battery,RSSI,loRaSNR,Frequency,Radiation(uSv/h),Actual Risk
0,01/10/2022,0.579862007,-0.198236669,-0.473328664,1.481313204,-1.068867345,-0.292131299,-0.097051992,0.00975694,
1,02/10/2022,0.576408864,-0.393312545,-0.661728581,1.481313204,-0.533718685,-0.179939862,0.098397063,-0.025940262,
2,03/10/2022,-0.311280958,0.338778334,0.356768275,1.481313204,-0.640723816,-0.185773183,0.064308922,0.018129749,
3,04/10/2022,-0.232212765,0.314863981,0.405508428,1.481313204,-0.550032153,-0.147830039,-0.060134823,0.120112558,
4,05/10/2022,-0.215494476,0.522755054,0.22033007,1.481313204,-0.659713458,-0.057324233,-0.027239674,0.053273882,
5,06/10/2022,-0.35930911,0.52573662,0.268205126,1.102337125,-0.789000534,-0.188848721,-0.115814292,0.023490893,
6,07/10/2022,-0.111725787,0.183695394,0.142981407,0.665940428,-0.345140981,-0.144032103,-0.025277918,-0.010020694,
7,08/10/2022,0.465343424,-0.343321252,-0.679172552,0.665940428,-0.809850322,-0.151858153,-0.001481377,-0.045587343,
8,09/10/2022,0.29217388,-0.123522142,-0.652448545,0.665940428,-0.952997943,-0.187125277,0.120419352,-0.090103437,
9,10/10/2022,-0.234651773,-0.295705482,-0.545594767,0.665940428,-0.785256097,-0.02757816,-0.00656741,-0.018577439,
10,11/10/2022,-0.813509589,0.339223862,0.561078557,0.665940428,-0.024459109,0.107731416,-0.05309641,0.097266024,
11,12/10/2022,-0.317924215,0.262577885,0.192690502,0.665940428,-0.490789014,-0.120152998,0.024250457,0.038936972,
12,13/10/2022,0.067645804,0.133101796,0.366317754,0.665940428,-0.106994281,0.068652316,0.194923877,0.072321868,
13,14/10/2022,0.386075675,0.037301881,0.134904616,-0.002212263,0.784678927,0.218728334,0.010249312,0.10138892,
14,15/10/2022,0.831771064,-0.344058338,-0.538673988,-0.149432348,0.885832476,0.202277855,0.058402561,-0.05021569,
15,16/10/2022,0.946714843,-0.373541787,-0.659065113,-0.149432348,1.098938468,0.154954558,-0.095162825,-0.020850647,
16,17/10/2022,0.135857536,0.222887618,0.714330761,-0.149432348,0.974599398,0.267292638,-0.065256674,0.044250837,
17,18/10/2022,0.6809517,0.335944647,0.549306825,-0.149432348,0.979542554,0.203958583,0.016114657,-0.016255788,
18,19/10/2022,0.492763366,0.201510041,0.521635122,-0.149432348,0.814175549,0.177425983,-0.050386786,-0.017490929,
19,20/10/2022,0.177230101,0.282170113,0.532753785,-0.149432348,0.930141643,0.349656124,-0.071537381,-0.026647727,
20,21/10/2022,0.322348871,0.222887618,0.331160537,-0.298725955,0.813113139,0.321757278,-0.023620988,-0.098103164,
21,22/10/2022,0.881822874,-0.25216964,-0.558639915,-0.964805125,-0.48408898,-0.043155809,0.133999822,-0.057326383,
22,23/10/2022,0.51118283,-0.169255182,-0.626227812,-0.964805125,-0.646865307,-0.202036945,0.016952563,-0.053944115,
23,24/10/2022,0.405099935,-0.269538921,-0.63280059,-0.964805125,0.35933144,0.105941143,0.101162154,-0.031713506,
24,25/10/2022,0.051801892,0.07784354,0.305112438,-0.964805125,-0.356260761,-0.12751806,-0.037921391,0.062753066,
25,26/10/2022,-0.089530817,-0.080984077,0.49666634,-0.964805125,-0.529079075,-0.166627904,-0.054269479,-0.025252954,
26,27/10/2022,-0.119707994,0.035688481,0.311897293,-0.964805125,-0.235611434,-0.105999624,-0.030192854,0.0,
27,28/10/2022,-0.52201122,-0.21079315,0.074841617,-0.964805125,0.106202138,-0.13033732,-0.050865118,-0.147367458,
28,29/10/2022,-1.464153848,-0.270483917,-0.529569716,-1.431535749,0.809772044,0.185614459,0.099645254,-0.057223017,
29,30/10/2022,-1.058891056,-0.678070264,-0.555903927,-1.780177901,0.677305546,0.086400505,-0.013960834,-0.035533128,
30,31/10/2022,-1.972932526,0.006852031,0.650509479,-1.780177901,0.619149609,-0.025643915,-0.060134823,0.069121812,
31,01/11/2022,-1.907607459,-0.417717291,0.556894334,1.814430166,-1.816618904,-0.206987943,-0.07997731,-0.126122364,
32,02/11/2022,0.0,0.0,0.0,0.0,0.0,0.0,0.0,0.0,
33,03/11/2022,0.0,0.0,0.0,0.0,0.0,0.0,0.0,0.0,
34,04/11/2022,1.344687894,0.14738506,-0.392559548,1.814430166,-0.88919721,-0.21917104,-0.325364645,-0.147290637,
35,05/11/2022,1.368556152,-0.043902296,-0.43385777,1.814430166,-0.507338669,0.030114332,0.074323043,-0.012774824,
36,06/11/2022,1.615939669,-0.053470863,-0.492915123,1.475548409,-0.226323052,-0.148487015,0.093155958,-0.029500301,
37,07/11/2022,0.866056178,0.303578528,0.277446448,0.87087704,0.189093952,-0.101447756,-0.049775792,0.098792575,
38,08/11/2022,-0.269266541,-0.067679421,0.333680678,0.87087704,0.458919334,0.245363926,0.020022039,0.010860811,
39,09/11/2022,-0.062856812,0.518020241,0.378359571,0.87087704,0.584176489,0.196395853,0.022949044,-0.035920818,
40,10/11/2022,-0.093485097,0.564986297,0.39244799,0.87087704,0.725892871,0.046483766,-0.076303061,0.082287449,
41,11/11/2022,-0.124544767,0.40932217,0.145837065,0.87087704,0.225636601,0.003170483,0.021918408,-0.062669946,
42,12/11/2022,-0.288181746,-0.253079837,-0.524281598,0.87087704,0.383664594,-0.215666149,-0.201824814,0.0,
43,13/11/2022,-0.523427923,0.01333218,-0.543485449,0.87087704,0.142160713,-0.145427398,-0.032090946,0.0,
44,14/11/2022,-1.311121307,0.041999219,0.544705136,0.208382292,0.128825515,-0.075899299,-0.05782386,-0.148889467,
45,15/11/2022,-0.500126094,0.679307734,0.458379671,-0.072676086,0.197095896,-0.103329238,-0.027843115,0.045877095,
46,16/11/2022,-0.15893269,0.6156303,0.403924049,-0.072676086,-0.67440691,0.024120596,-0.042877448,-0.09363561,
47,17/11/2022,0.208329073,0.45800447,0.127191034,-0.072676086,-0.875703904,0.154433796,0.124125196,0.006881941,
48,18/11/2022,1.108076974,0.22264445,-0.615343644,-0.072676086,-0.033838933,0.083799826,0.035700965,-0.026269548,
49,19/11/2022,0.564854969,-0.854771082,-0.743200628,-0.072676086,0.042366469,0.062726247,0.08148916,-0.076447062,
50,20/11/2022,0.135070327,-0.532359122,-0.697039497,-0.072676086,0.062757169,0.204336622,0.078562155,0.019496634,
51,21/11/2022,-0.173130503,-0.203480447,0.106827659,-0.1119908,0.129755182,0.102430091,0.028803056,0.012118116,
52,22/11/2022,-0.255128889,-0.150822907,0.412168717,-1.016229212,-0.213973755,-0.05373836,-0.035591072,0.03905529,
53,23/11/2022,-0.500649495,-0.095510201,0.238070148,-1.016229212,-0.262638472,-0.104113189,0.041595913,-0.028870327,
54,24/11/2022,-0.497802192,0.235668325,0.255057397,-1.016229212,0.010160979,-0.053469965,0.000331272,0.038055479,
55,25/11/2022,-0.432314212,-0.376453782,0.138278946,-1.016229212,0.206693916,-0.046806383,0.006226221,-0.085718144,
56,26/11/2022,0.493685424,-0.709948103,-0.480985641,-1.016229212,0.572090816,0.018714115,-0.051845295,-0.041266935,
57,27/11/2022,0.387709192,-0.800659983,-0.525360978,-1.016229212,0.599759791,0.010500423,0.094650452,-0.047566789,
58,28/11/2022,0.003853409,-0.201702897,-0.284132732,-1.016229212,-0.316409398,-0.004058355,0.071416223,-0.04150494,
59,29/11/2022,-0.465027911,0.27692379,0.648795197,-1.310671322,-0.326339526,-0.001560188,-0.192341573,0.039288162,
60,30/11/2022,-0.450228496,0.239951474,0.32965746,-1.959782338,-0.103281386,0.013758174,0.075635149,0.193812314,
61,01/12/2022,0.555485718,-0.089526615,0.722159331,1.385319219,0.371376236,0.012124065,-0.052364569,0.051809207,
62,02/12/2022,0.428126042,1.050838277,-0.140631532,1.385319219,0.689935374,0.113933001,0.124682893,0.155164589,
63,03/12/2022,0.778600978,-0.262395203,-0.618734726,1.385319219,0.431354136,0.034310523,-0.071369189,-0.082981375,
64,04/12/2022,0.417310892,-0.095324281,-0.541525837,1.385319219,0.22838785,-0.03127797,-0.008546354,-0.071375012,
65,05/12/2022,-0.25952454,0.327798997,0.657793399,1.385319219,0.02109123,0.002791149,-0.02038047,0.000787453,
66,06/12/2022,-0.297301401,0.391759493,0.564084917,1.385319219,0.093194403,-0.048943439,0.038790112,0.01447059,
67,07/12/2022,0.146576719,0.641697429,0.463357632,0.934830199,-0.183201091,-0.09689257,-0.079551053,-0.033813017,
68,08/12/2022,-0.209399256,0.3234264,0.321794251,0.548696753,-0.341159507,-0.050151942,0.153131012,0.037654153,
69,09/12/2022,-0.33083711,0.142539062,0.174963452,0.548696753,-0.671858643,-0.084090362,-0.056334817,-0.048293351,
70,10/12/2022,0.197492408,-0.174065391,-0.445297825,0.548696753,-0.776278891,-0.032715042,-0.109218525,-0.011957839,
71,11/12/2022,0.39294659,0.075692086,-0.622340924,0.548696753,0.3577208,0.083272112,0.007142184,0.044963124,
72,12/12/2022,0.322868739,-0.259653554,-0.504341117,0.548696753,-0.063029137,0.111307603,0.234053034,-0.048961868,
73,13/12/2022,-0.483037636,0.132965488,0.693634094,0.548696753,-0.023973252,-0.065347089,-0.132804577,0.043244671,
74,14/12/2022,-0.227672174,-0.096868626,0.323929968,0.548696753,0.04714935,0.090084505,0.10525429,0.01534888,
75,15/12/2022,0.424109388,-0.313219161,0.688548718,-0.163322366,-0.157057299,-0.082730662,-0.152475648,-0.071602808,
76,16/12/2022,0.0,0.0,0.0,0.0,0.0,0.0,0.0,0.005865487,
77,17/12/2022,0.0,0.0,0.0,0.0,0.0,0.0,0.0,-0.045030278,
78,18/12/2022,-0.271861578,-0.534484224,-0.72508024,-0.287925712,0.173985682,-0.072406456,0.302099203,-0.026103692,
79,19/12/2022,-0.5861145,0.060205153,0.165993471,-0.287925712,-0.077728742,0.07626508,0.181222157,0.073606853,
80,20/12/2022,-0.33097014,-0.114125108,0.375265145,-0.287925712,-0.309402949,-0.146076672,-0.045958109,-0.047017183,
81,21/12/2022,-0.602664363,0.327798997,0.124215061,-0.287925712,0.006069736,0.103736688,0.086126578,0.006149868,
82,22/12/2022,-0.011963673,-0.055827308,0.227980405,-0.287925712,-0.057270898,0.061264203,-0.041644898,0.081595998,
83,23/12/2022,0.193221388,0.171813,-0.056581681,-0.847637925,0.070302492,-0.045069121,0.051832642,0.039589184,
84,24/12/2022,0.898965874,-0.819553893,-0.639191729,-1.124548177,-0.111097919,0.010362065,-0.047007232,0.040018278,
85,25/12/2022,0.441336801,-0.797502555,-0.759766214,-1.124548177,-0.048320591,0.05123975,0.05824655,-0.095404765,
86,26/12/2022,0.166230306,-0.667538381,-0.719577139,-1.124548177,-0.04235372,-0.038980325,0.037680664,-0.04635687,
87,27/12/2022,-0.21890998,-0.070966628,0.18283584,-1.124548177,0.106607962,-0.031091363,0.001183457,0.076329868,
88,28/12/2022,-0.322485975,0.449815943,0.304986564,-1.124548177,0.111220196,0.011623884,-0.126887519,0.053655646,
89,29/12/2022,-0.491200911,0.170418854,0.247471518,-1.124548177,0.069885187,-0.141151967,-0.062616024,-0.008010235,
90,30/12/2022,-0.571555292,-0.042146869,0.006569745,-1.124548177,0.142619291,-0.008906966,-0.115094493,-0.008711091,
91,31/12/2022,0.144346835,0.212895607,-0.666411886,-1.932121251,0.485714392,0.197847372,-0.021079012,-0.090589892,
92,01/01/2023,0.33966664,-0.128656469,-0.580160931,1.53658761,0.824821652,0.027889558,-0.01448122,-0.005938897,
93,02/01/2023,0.363845915,-0.221224996,-0.508939595,1.53658761,0.910959591,0.184165823,0.089665462,-0.017162733,
94,03/01/2023,-0.216703398,0.121634589,0.629056443,1.53658761,1.000396429,0.196262012,-0.041771901,-0.049520296,
95,04/01/2023,0.165230446,-0.669826323,-0.383891199,1.53658761,0.84864704,0.323393769,0.003372497,0.011031257,
96,05/01/2023,0.287986763,-0.078674941,-0.101988112,1.53658761,0.544979086,-0.190678646,0.078220772,0.073169895,
97,06/01/2023,-0.149100121,0.529114127,0.482620629,1.53658761,0.379470183,-0.227835241,-0.115652282,0.073182865,
98,07/01/2023,0.633272115,-0.045878843,-0.401458551,1.42161114,0.311659465,0.023627478,0.089665462,-0.009589434,
99,08/01/2023,0.618349552,-0.145728113,-0.503912258,0.665186999,0.407448861,-0.256494407,-0.081207881,-0.039732086,
100,09/01/2023,0.0,0.0,0.0,0.0,0.0,0.0,0.0,0.0,
101,10/01/2023,0.0,0.0,0.0,0.0,0.0,0.0,0.0,0.0,
102,11/01/2023,0.0,0.0,0.0,0.0,0.0,0.0,0.0,0.0,
103,12/01/2023,0.0,0.0,0.0,0.0,0.0,0.0,0.0,0.0,
104,13/01/2023,0.0,0.0,0.0,0.0,0.0,0.0,0.0,0.0,
105,14/01/2023,0.0,0.0,0.0,0.0,0.0,0.0,0.0,0.0,
106,15/01/2023,0.0,0.0,0.0,0.0,0.0,0.0,0.0,0.0,
107,16/01/2023,0.227405723,0.078605482,-0.192368732,0.665186999,0.539178823,0.084717291,0.226543959,-0.16343995,
108,17/01/2023,0.111751012,0.117018611,0.489660521,-0.023402295,0.631104208,-0.08433528,-0.055619679,-0.039884866,
109,18/01/2023,0.097800921,0.157649062,0.453359585,-0.206213612,0.77477027,-0.045426222,0.017328572,0.120306471,
110,19/01/2023,0.248845474,-0.201225775,0.585683426,-0.206213612,-0.729592115,0.080719754,0.07337138,-0.012069107,
111,20/01/2023,0.113563667,0.237079478,0.409656331,-0.206213612,-0.866316209,0.046778776,0.092766812,0.052072112,
112,21/01/2023,0.45958473,0.033662121,-0.416984075,-0.206213612,-0.481755408,0.034406864,0.043262445,-0.017581931,
113,22/01/2023,0.59870597,-0.306296777,-0.546549794,-0.206213612,-0.513194543,0.149068695,-0.040004491,0.014127976,
114,23/01/2023,0.43523637,-0.424350422,-0.533582544,-0.206213612,-0.692146778,0.098785135,0.115176718,0.02440825,
115,24/01/2023,0.42306219,-0.02011626,-0.640420902,-0.261057007,-0.562959095,-0.031402035,0.046258873,-0.069705317,
116,25/01/2023,0.351756278,-0.432250722,0.249690639,-1.077614222,-0.41341776,0.067668971,0.013319568,-0.037708311,
117,26/01/2023,0.523933968,-0.274667262,0.418463997,-1.077614222,-1.395296884,-0.191632398,-0.154501804,0.086827051,
118,27/01/2023,0.450888887,0.2989688,0.377593532,-1.077614222,-0.716138777,-0.081474024,-0.082587532,0.072488925,
119,28/01/2023,-2.175537377,0.3462963,-0.528208469,-1.077614222,0.648389884,-0.029578488,-0.058109669,0.022863696,
120,29/01/2023,-1.861859968,0.095227561,-0.569069249,-1.077614222,0.602282397,-0.01902355,-0.036323533,-0.055816327,
121,30/01/2023,-0.793305074,0.132137557,0.502178372,-1.077614222,-0.053052232,-0.055931349,-0.0115056,-0.046772535,
122,31/01/2023,-0.770044465,0.20249191,0.759457875,-1.077614222,-0.449622099,0.104304722,0.018377217,-0.038368287,
123,01/02/2023,-0.098412634,0.068445164,0.485215731,1.278171782,-1.124269157,0.02249631,-0.097241191,0.110614021,
124,02/02/2023,-0.186486596,0.111255509,0.463225946,0.955733177,-1.325293633,-0.1297655,0.068375269,0.055520314,
125,03/02/2023,-0.282810524,0.153154448,0.371092498,0.955733177,-0.889524445,-0.041875577,0.018129998,0.009396497,
126,04/02/2023,0.064200886,-0.11511943,-0.563429417,0.955733177,-0.303895336,0.139338323,0.140500221,-0.009497052,
127,05/02/2023,-0.401320172,-0.071675809,-0.650980774,0.955733177,-0.357361655,-0.122500405,-0.185293566,0.012866971,
128,06/02/2023,-0.433718012,-0.013825149,-0.715321298,0.955733177,0.072869283,-0.019194306,0.213199874,-0.029498644,
129,07/02/2023,-0.213334329,0.021226102,0.58438946,0.955733177,-0.218932238,-0.11728879,-0.0699512,0.000434304,
130,08/02/2023,-0.198377619,0.000703499,0.273709845,0.611798665,-0.549356438,-0.137703944,-0.114831424,0.037771529,
131,09/02/2023,-0.204666042,0.093239312,0.112690409,0.095896896,-0.626058143,0.074146309,0.10536195,-0.015783626,
132,10/02/2023,0.012714445,0.12878074,0.043512631,0.095896896,-0.565255792,-0.048975093,-0.070344318,-0.041778193,
133,11/02/2023,-0.14942864,-0.055154996,-0.415758366,0.095896896,-0.298882869,0.090067595,0.011356738,-0.04748913,
134,12/02/2023,-0.231437763,-0.128431072,-0.598955265,0.095896896,-0.386454997,0.166508595,0.08315329,-0.04998191,
135,13/02/2023,-0.130297638,0.004809438,0.224943451,0.095896896,-0.098384176,0.045020072,-0.012123895,0.037904945,
136,14/02/2023,-0.131903037,0.092154522,0.511691117,0.095896896,0.003886516,-0.000765774,0.015174394,0.055161594,
137,15/02/2023,-0.29954417,0.20051788,0.239513562,-0.111216953,0.49783113,-0.148949384,-0.065640886,-0.064586533,
138,16/02/2023,-0.029157513,0.135285783,0.197742672,-0.763939385,0.13680453,-0.213402684,-0.038026482,0.043276829,
139,17/02/2023,-0.589441696,-0.27335211,-0.521460614,-0.763939385,-0.11876821,0.085281295,-0.069651447,-0.014233976,
140,18/02/2023,0.0,0.0,0.0,0.0,0.0,0.0,0.0,0.0,
141,19/02/2023,0.0,0.0,0.0,0.0,0.0,0.0,0.0,0.0,
142,20/02/2023,0.0,0.0,0.0,0.0,0.0,0.0,0.0,0.0,
143,21/02/2023,0.0,0.0,0.0,0.0,0.0,0.0,0.0,0.0,
144,22/02/2023,0.0,0.0,0.0,0.0,0.0,0.0,0.0,0.0,
145,23/02/2023,0.0,0.0,0.0,0.0,0.0,0.0,0.0,0.0,
146,24/02/2023,1.407834956,0.167202916,0.214167899,-1.48405227,1.53835349,-0.132636098,0.104692256,0.034721484,
147,25/02/2023,0.787990478,-0.202739206,-0.542199202,-1.623775666,1.579992268,0.188351297,-0.037506129,-0.041237776,
148,26/02/2023,0.22276831,-0.234461735,-0.71705183,-1.623775666,1.348882225,0.013282926,-0.004067609,-0.081704627,
149,27/02/2023,0.484050045,-0.134484202,0.184317659,-1.623775666,1.339393836,0.11697318,0.03392791,0.040679765,
150,28/02/2023,0.690546235,-0.100553117,0.477182873,-1.623775666,0.891572112,0.185763199,-0.060225408,-0.048627162,
151,01/03/2023,1.168357314,-0.29787576,0.294027189,1.768879343,-0.125612099,0.164020644,0.082626847,-0.091967643,
152,02/03/2023,1.037192022,-0.308565671,0.149282247,1.768879343,-0.305668291,-0.02560582,-0.024275807,0.003082315,
153,03/03/2023,0.472794789,-0.232942667,0.159070639,1.570747972,-0.514390521,-0.030734155,-0.002851516,0.02730852,
154,04/03/2023,0.896637234,-0.473894046,-0.615524327,0.981857509,-0.718505978,-0.099063286,0.149934285,-0.079245121,
155,05/03/2023,0.364267244,-0.31093541,-0.70658238,0.981857509,-0.815981889,-0.050490749,0.072134365,-0.005262902,
156,06/03/2023,0.936156888,-0.310296166,0.064550663,0.981857509,-0.32880382,-0.043874372,-0.051199914,0.013702655,
157,07/03/2023,1.058572906,-0.24304114,0.207850877,0.981857509,-0.011756207,-0.151059682,-0.123151712,-0.023181732,
158,08/03/2023,1.004508121,-0.163929555,0.260753302,0.981857509,0.193796683,0.08580662,0.075093244,0.054573212,
159,09/03/2023,-0.554834103,0.163143714,0.213149147,0.981857509,0.694831852,-0.050490749,0.018874525,0.053471003,
160,10/03/2023,-0.616022911,0.159440004,-0.065831861,0.959209399,0.602462446,-0.011430324,0.016405244,-0.048946253,
161,11/03/2023,-0.685727793,0.043885952,-0.653278571,0.194835675,0.376224872,-0.045197647,-0.206000351,-0.038749148,
162,12/03/2023,-0.776127616,-0.006061441,-0.655302333,0.194835675,0.47046656,-0.088551112,-0.064553474,-0.036788049,
163,13/03/2023,-0.793081313,0.043184096,0.243648725,0.194835675,0.309725638,0.016570629,-0.088058982,0.006483999,
164,14/03/2023,-0.462484206,-0.084033542,0.267802505,0.194835675,0.115815953,0.11512226,-0.049862532,0.03151118,
165,15/03/2023,0.036407409,0.124270424,0.208411107,0.194835675,-0.161838973,0.170683946,0.058787927,0.075210024,
166,16/03/2023,0.304511429,0.248159149,0.200385133,0.194835675,-0.29182202,-0.144443305,0.140188603,-0.015566134,
167,17/03/2023,-0.035816145,0.036149019,0.126387307,0.194835675,-0.445501554,-0.007081763,-0.029295213,0.01275355,
168,18/03/2023,-0.324347387,0.049789802,-0.597646735,-0.431456348,-0.176198519,0.151970392,-0.016632034,-0.002750226,
169,19/03/2023,-0.216655588,-0.057065748,-0.699544404,-0.592186159,-0.220974551,0.063875412,-0.14976094,-0.06417852,
170,20/03/2023,0.231274734,0.04935434,0.326123115,-0.592186159,0.156439996,0.140032758,0.020049683,-0.043299856,
171,21/03/2023,0.156544649,-0.109023753,0.456869573,-0.592186159,0.540667184,0.072573866,0.175695163,0.068791185,
172,22/03/2023,-0.17474228,0.116905838,0.285339902,-0.592186159,0.549348679,0.031572377,-0.076795926,-0.009261678,
173,23/03/2023,-0.441566797,0.210161317,0.248472063,-0.592186159,0.459516616,-0.030825406,0.036997665,-0.002943758,
174,24/03/2023,-0.642475965,0.111189838,0.318087006,-0.592186159,0.749229956,-0.088166291,0.003234731,0.018607301,
175,25/03/2023,0.178557869,-0.019219641,-0.526601749,-1.056747658,0.619141282,-0.097375133,0.042833234,0.046521068,
176,26/03/2023,0.015810219,-0.081513454,-0.698937128,-1.379207992,0.315094299,0.147945429,0.089517784,0.242369572,
177,27/03/2023,-0.665565286,0.501619847,0.120634699,-1.379207992,-0.19157828,-0.021057323,0.084265772,0.0,
178,28/03/2023,-0.654626115,0.341588601,0.39104258,-1.379207992,-0.631756908,-0.063584698,-0.13213181,0.0,
179,29/03/2023,-0.085324127,0.035030178,0.266051572,-1.379207992,-0.24557262,0.048754908,-0.037344194,0.0,
180,30/03/2023,-0.353543151,0.225457634,0.193116232,-1.379207992,-0.321634228,-0.064466713,0.048868651,0.0,
181,31/03/2023,-0.416312851,0.260811427,0.255675793,-1.379207992,-0.566641951,-0.08693596,-0.065124789,0.0,
182,01/04/2023,0.05716879,0.3753557,-0.486221527,1.796599467,-1.516087726,-0.070853499,0.128254258,0.056525866,
183,02/04/2023,0.098410405,0.351756487,-0.603165356,1.237115743,-1.503536806,0.028759234,0.145419052,-0.039347017,
184,03/04/2023,0.13261091,0.306200035,0.339545911,1.237115743,-1.474646062,0.169331188,0.07447665,0.091887447,
185,04/04/2023,0.06614266,0.491281878,0.50317356,1.237115743,-1.395840263,0.046863215,-0.034255587,0.037913215,
186,05/04/2023,0.337988734,0.038115912,0.46276644,1.237115743,-0.962876413,0.162888802,0.170911063,-0.008594195,
187,06/04/2023,0.279883925,-0.068542526,0.466045053,1.237115743,-0.118494572,0.005918271,-0.144530124,0.011019472,
188,07/04/2023,0.387279412,-0.158400895,0.346213323,1.237115743,0.311978335,0.034041077,-0.112547667,-0.038033004,
189,08/04/2023,0.652707429,-0.341755476,-0.478510866,1.207669231,-0.064042891,-0.279416806,-0.063275202,0.044431188,
190,09/04/2023,0.679020057,-0.2778808,-0.592758963,0.389056205,-0.08206563,-0.269613087,-0.11248593,-0.022346909,
191,10/04/2023,0.767831771,-0.252987883,0.409766479,0.389056205,-0.14647147,-0.241648625,0.045838551,-0.019038576,
192,11/04/2023,0.033423618,0.031679763,0.593192491,0.389056205,-0.203647733,-0.267873817,-0.198370772,-0.004670497,
193,12/04/2023,1.004974911,-0.227667183,0.506102242,0.389056205,0.044477009,-0.211223291,-0.053629245,0.05193346,
194,13/04/2023,0.461441055,-0.066392858,0.534234585,0.389056205,0.292960738,-0.04773186,-0.044800743,-0.055778206,
195,14/04/2023,1.108743182,-0.272432787,0.409472272,0.389056205,0.40333404,0.257985581,-0.071981087,0.031502318,
196,15/04/2023,1.06502623,-0.269858189,-0.501898385,0.389056205,0.147480948,-0.025228877,0.121232729,-0.035004254,
197,16/04/2023,0.982637903,-0.315688701,-0.491108565,-0.249974574,0.325171592,0.10278406,0.108226637,-0.005653969,
198,17/04/2023,1.057347381,-0.267772438,0.429000358,-0.459003334,0.37383938,-0.086207852,-0.037157548,0.125453266,
199,18/04/2023,1.08392099,-0.254019521,0.606748784,-0.459003334,0.161189064,-0.312559304,-0.004424234,-0.020078083,
200,19/04/2023,0.139565232,-0.019608863,0.397403412,-0.459003334,0.37383938,-0.047821968,-0.011039895,0.02684069,
201,20/04/2023,-0.72046908,0.163550881,0.071255764,-0.459003334,0.319935345,0.144645741,0.028546863,-0.022957137,
202,21/04/2023,-1.650313912,0.336907823,-0.578330396,-0.459003334,0.208215516,-0.029908555,0.006371874,-0.040243509,
203,22/04/2023,-0.880434007,0.052347579,-0.61026731,-0.459003334,0.407999501,-0.178784515,-0.174285448,-0.051250273,
204,23/04/2023,-0.928417209,0.102561197,-0.523745482,-0.847199601,0.032973133,-0.228091454,-0.059514914,-0.04431206,
205,24/04/2023,-0.880312516,0.060407371,-0.630013976,-1.307062872,0.124634089,-0.099960558,0.121232729,0.030360654,
206,25/04/2023,-0.817375623,0.141173172,-0.094402634,-1.307062872,0.276280117,0.021272625,0.029587567,0.018909917,
207,26/04/2023,-0.611562617,0.165180532,-0.05297495,-1.307062872,0.566752995,0.248109776,0.07585546,0.051248725,
208,27/04/2023,-0.934851738,0.128939756,0.21737625,-1.307062872,0.571226724,0.259265111,0.044097374,-0.035991298,
209,28/04/2023,-0.862239268,-0.023478908,0.225777916,-1.307062872,0.695805571,0.514643092,0.194289103,-0.038985519,
210,29/04/2023,-1.101322196,0.038169617,-0.42065022,-1.307062872,0.840545251,0.157281204,-0.130142935,-0.031054991,
211,30/04/2023,-1.010111301,0.032249739,-0.47792946,-1.467186002,0.985960684,0.237620483,-0.045335803,-0.065460395,
212,01/05/2023,-0.922462501,0.352543209,-0.586480525,1.371078179,1.052201053,0.269991392,-0.095902619,-0.023977702,
213,02/05/2023,-1.012727817,0.497563935,0.470849253,1.371078179,0.956923775,0.168109097,0.028592627,-0.037042436,
214,03/05/2023,-0.908124328,0.594841213,0.29808141,1.371078179,0.945990316,0.365257955,-0.140365206,0.111818608,
215,04/05/2023,-0.956630404,0.456868529,-0.56866323,1.371078179,1.237981847,0.194264539,0.050322934,-0.084570151,
216,05/05/2023,-0.958667746,0.724971123,0.371494552,1.371078179,0.920186053,0.204072959,-0.054651218,0.024356965,
217,06/05/2023,-1.00369342,0.547842726,-0.484512608,1.371078179,0.347903223,-0.187160354,0.100039405,0.020589432,
218,07/05/2023,-0.17133776,-0.072591296,-0.746053732,1.358953497,0.334320905,-0.187141305,0.015221396,-0.065383475,
219,08/05/2023,-0.285065541,0.132923343,0.191171005,0.54053747,0.430555858,-0.263236727,-0.024762478,-0.001082468,
220,09/05/2023,-0.292757851,0.033767428,0.28046975,0.54053747,0.435791599,-0.301412305,-0.066093898,-0.037261263,
221,10/05/2023,-0.421807718,0.124617972,0.393320566,0.54053747,0.453312203,-0.212451784,-0.028158926,0.092792058,
222,11/05/2023,-0.41964419,0.245721504,0.360026985,0.54053747,0.240681853,-0.17532308,-0.038503535,-0.107379956,
223,12/05/2023,-0.518060851,0.240346103,0.232616448,0.54053747,0.210324772,-0.210310859,0.084911904,-0.075559293,
224,13/05/2023,-0.235207803,-0.041340247,-0.5366361,0.54053747,0.33527858,-0.212957152,0.025628454,-0.076596464,
225,14/05/2023,-0.153019508,-0.108991891,-0.647465849,0.54053747,0.283207312,-0.475542458,0.015264072,-0.043726674,
226,15/05/2023,-0.152499841,-0.07890012,0.303288255,-0.024937055,0.434765295,-0.05698537,-0.180160799,0.044229468,
227,16/05/2023,-0.223555149,-0.184820316,0.371353578,-0.290003239,0.401499667,-0.024779417,0.039293079,-0.036164869,
228,17/05/2023,1.656704612,-0.892367227,0.365336497,-0.290003239,-0.36565588,-0.222963449,0.054261537,0.019472498,
229,18/05/2023,3.544445195,-2.118398828,0.435087522,-0.290003239,-1.011296691,-0.356043355,0.020472464,0.039007629,
230,19/05/2023,1.648632601,-1.170472818,0.205692609,-0.290003239,-1.081385218,-0.025070321,0.064162697,-0.000855292,
231,20/05/2023,0.184303693,-0.1657799,-0.675374656,-0.290003239,-0.486639802,0.180421712,0.142569177,0.021191801,
232,21/05/2023,0.145471142,-0.010505936,-0.78442678,-0.290003239,-0.528518851,0.134433175,-0.072312746,-0.029924224,
233,22/05/2023,0.140517502,0.034452479,0.31315248,-0.301619193,-0.562826915,0.329532994,0.081947732,0.138174891,
234,23/05/2023,0.146979777,0.116704859,0.457853329,-1.120543948,-0.323929754,0.192932074,0.04435284,-0.00554803,
235,24/05/2023,0.208444596,0.444445085,0.283778471,-1.120543948,-0.686241114,0.076055891,0.109853299,0.055195937,
236,25/05/2023,0.158208126,0.434415496,0.158038707,-1.120543948,-0.692140622,0.023162659,0.032004624,-0.008748602,
237,26/05/2023,0.141820972,0.174698861,0.267389803,-1.120543948,-0.669037652,-0.100489683,-0.018834133,-0.038528972,
238,27/05/2023,0.14345031,-0.112358627,-0.665054178,-1.120543948,-0.884582971,-0.148122964,0.046377662,0.077510184,
239,28/05/2023,0.12702568,-0.160446061,-0.772422471,-1.120543948,-0.294306388,0.298677948,-0.013440986,0.001386929,
240,29/05/2023,0.125084052,0.009644121,0.243422615,-1.120543948,-0.55178499,0.315759404,-0.084087098,0.040367676,
241,30/05/2023,0.121054947,0.005520621,0.322365158,-1.524116546,-0.485940725,0.216916437,-0.030273334,-0.057082874,
242,31/05/2023,0.158766086,-0.049098557,0.166680516,-1.951084657,-0.40351081,0.183986857,-0.107759309,0.043874616,
243,01/06/2023,0.135356591,0.29523249,0.345167436,1.228755592,-0.710646352,0.2738666,-0.037418692,-0.02726679,
244,02/06/2023,-0.422943556,0.360742178,0.2064172,1.228755592,0.041586283,0.087042657,-0.107524539,-0.043099982,
245,03/06/2023,-0.59036813,-0.168242799,-0.583591421,1.228755592,-0.499625288,0.173080134,-0.021492746,-0.050612128,
246,04/06/2023,-0.576425207,-0.371338345,-0.729123559,1.228755592,-0.834073699,0.202651087,-0.048501071,-0.062709966,
247,05/06/2023,-0.466822267,0.043799338,-0.616971456,1.228755592,-0.738066069,0.296012411,-0.03893592,-0.04814141,
248,06/06/2023,-0.616174253,0.01898728,0.471787321,1.228755592,-0.495386505,0.185853281,0.252704354,-0.012647834,
249,07/06/2023,-0.809366419,0.388007163,0.452448803,0.471566245,-0.136898158,0.011905975,-0.091192017,-0.039649115,
250,08/06/2023,-0.369167612,0.042613515,0.584187434,0.391258284,0.538427232,0.167995507,0.126691314,0.024342256,
251,09/06/2023,0.662012944,0.091702586,0.378175693,0.391258284,0.535036371,0.054929203,0.031180611,-0.044148302,
252,10/06/2023,0.48736141,-0.184657811,-0.546906703,0.391258284,0.306851359,-0.261067175,-0.01308699,-0.034566372,
253,11/06/2023,0.082801986,0.083505076,-0.55834733,0.391258284,0.05126021,-0.245284423,0.02412256,0.02507418,
254,12/06/2023,0.681924477,0.310680413,0.195620164,0.391258284,0.212705095,-0.004204464,0.073941669,0.049961708,
255,13/06/2023,0.206860461,0.109089498,0.582516009,0.391258284,0.432353115,0.01639306,0.042985305,0.064681707,
256,14/06/2023,0.603092571,-0.179109614,0.346924936,-0.006992184,0.493109369,-0.06288001,-0.10189048,0.038929269,
257,15/06/2023,0.624809988,-0.365847741,0.459329748,-0.446239024,-0.016466668,-0.005217405,0.192800755,-0.014946286,
258,16/06/2023,0.0,0.0,0.0,0.0,0.0,0.0,0.0,0.00698815,
259,17/06/2023,0.0,0.0,0.0,0.0,0.0,0.0,0.0,-0.007476132,
260,18/06/2023,0.0,0.0,0.0,0.0,0.0,0.0,0.0,0.017343325,
261,19/06/2023,0.0,0.0,0.0,0.0,0.0,0.0,0.0,0.040344306,
262,20/06/2023,0.0,0.0,0.0,0.0,0.0,0.0,0.0,-0.008203266,
263,21/06/2023,0.0,0.0,0.0,0.0,0.0,0.0,0.0,-0.036593015,
264,22/06/2023,0.173020724,0.086988431,0.360252644,-0.446239024,0.06872647,-0.176404435,0.025099405,-0.00801724,
265,23/06/2023,0.093312907,-0.242718708,0.312493913,-0.791779871,-0.229144063,-0.088391116,-0.022766013,-0.041269784,
266,24/06/2023,0.727654282,-0.411869678,-0.567407775,-1.283736332,-0.389231773,0.018551798,0.025893092,-0.013768204,
267,25/06/2023,0.48713459,-0.057694132,-0.614027555,-1.283736332,0.233017209,-0.286794638,-0.026240791,-0.042602612,
268,26/06/2023,-0.45705059,0.320871751,0.338797053,-1.283736332,0.384259955,-0.196786746,-0.03522079,0.025282796,
269,27/06/2023,-0.650152265,0.141295957,0.46533095,-1.283736332,0.246437793,-0.10051775,-0.084693933,0.107405606,
270,28/06/2023,-0.195737418,-0.188196627,0.010523461,-1.283736332,0.23253166,0.000897757,0.015330953,0.07574665,
271,29/06/2023,0.268385433,-0.133933274,-0.651578599,-1.283736332,0.207060032,-0.032116095,-0.073053194,0.040738145,
272,30/06/2023,0.384291494,-0.144755473,-0.234386289,-1.283736332,0.102059415,-0.132622604,0.007741076,0.017463469,
273,01/07/2023,0.591827168,-0.314900397,-0.742658852,1.525326373,0.882182921,-0.080728231,-0.138592804,-0.006262997,
274,02/07/2023,0.252146566,0.140483139,-0.406681253,1.445359184,0.907863152,-0.099714261,0.327082468,0.082629121,
275,03/07/2023,0.0,0.0,0.0,0.0,0.0,0.0,0.0,0.0,
276,04/07/2023,0.190298785,0.395555465,0.327426719,1.445359184,1.014848428,0.038989458,0.037456882,-0.036632874,
277,05/07/2023,0.082917552,0.119880467,0.329903139,1.445359184,1.191967853,-0.076894257,-0.036928763,-0.040844622,
278,06/07/2023,0.474514363,-0.081478963,0.477045007,1.445359184,1.314368923,0.075032529,-0.05251436,0.03847192,
279,07/07/2023,0.288170564,-0.298712451,0.391144437,1.445359184,1.213343665,0.222079802,0.023344318,-0.026878399,0.27100705
280,08/07/2023,0.326821001,-0.017593894,-0.531626074,1.194931058,1.161823232,0.128526348,0.10543571,-0.052704595,0.41974305
281,09/07/2023,-0.017003735,-0.569790586,-0.587914536,0.578022748,1.297934809,0.175489437,-0.084844538,-0.010973939,0.409376716
282,10/07/2023,-0.001162451,0.17303758,-0.446440219,0.578022748,1.300254139,0.221265546,0.251576429,-0.016098756,0.714068355
283,11/07/2023,0.0,0.0,0.0,0.0,0.0,0.0,0.0,0.0,0.877713501
284,12/07/2023,0.0,0.0,0.0,0.0,0.0,0.0,0.0,0.0,0.877713501
285,13/07/2023,0.0,0.0,0.0,0.0,0.0,0.0,0.0,0.0,0.877713501
286,14/07/2023,0.0,0.0,0.0,0.0,0.0,0.0,0.0,0.0,0.877713501
287,15/07/2023,0.0,0.0,0.0,0.0,0.0,0.0,0.0,0.0,0.877713501
288,16/07/2023,0.0,0.0,0.0,0.0,0.0,0.0,0.0,0.0,0.877713501
289,17/07/2023,1.878978205,-0.589046396,-0.274116208,-0.289313687,-1.256762157,0.318103876,0.014967646,-0.136846115,0.853593535
290,18/07/2023,1.513078628,-0.194402987,0.707537072,-0.289313687,-0.789483913,-0.108136503,-0.18519841,-0.002243844,0.645075678
291,19/07/2023,0.686250878,-0.481027658,-0.605757359,-0.289313687,-0.869389759,-0.231728461,0.042108065,0.033739935,0.513463209
292,20/07/2023,0.664454845,-0.158906109,0.65277261,-0.289313687,-1.059872126,-0.088826492,-0.015188376,0.196780754,0.515148455
293,21/07/2023,-0.744395593,-0.396202651,0.218968698,-0.289313687,-0.919465953,-0.176914175,-0.059070586,-0.080999526,0.472019512
294,22/07/2023,-0.163895293,0.304123465,-0.517161359,-0.289313687,-0.985164592,-0.045199806,0.058526343,-0.021519258,0.218326326
295,23/07/2023,-0.046595625,0.201833253,-0.567314889,-0.289313687,-0.950136237,-0.030729433,-0.144581234,-0.010274536,0.323481758
296,24/07/2023,-0.620875983,0.05015936,0.437829124,-0.289313687,-0.702761988,-0.160805685,-0.120418129,0.023424573,0.374594937
297,25/07/2023,-0.859158948,0.15054542,0.55742943,-0.792732737,-0.381116007,-0.006245048,0.086245514,0.032960838,0.392781484
298,26/07/2023,-0.759578007,0.245249251,0.316845684,-1.156650123,-0.04407208,0.322862517,-0.031847996,0.018626978,0.376305526
299,27/07/2023,-0.836107804,0.498485539,0.689954043,-1.156650123,-0.187200106,0.126811823,-0.082201757,0.019071282,0.187515624
300,28/07/2023,-0.839005662,-0.70810264,-0.337104928,-1.156650123,-0.316672752,-0.378434169,0.403129768,0.065941106,0.482257063
301,29/07/2023,-0.336951754,0.353027471,-0.465936855,-1.156650123,-0.443183036,-0.223827267,0.196322608,-0.06579007,0.362652786
302,30/07/2023,-0.079132945,0.31258762,-0.526695257,-1.156650123,-0.312359901,0.091086331,0.102503875,-0.007021137,0.302165243
303,31/07/2023,-0.449968218,0.397229168,0.242641852,-1.156650123,-0.254593842,0.091086331,-0.008905871,-0.029020812,0.323158112
304,01/08/2023,0.601074786,0.346999922,0.187155047,1.982407678,-0.245306514,-0.087345156,0.038839584,-0.027979891,0.436192548
305,02/08/2023,-0.104396771,0.098424721,0.121283743,1.175048497,-0.102489752,-0.163332859,-0.071153762,0.073358903,0.438203367
306,03/08/2023,-1.106589818,0.379722422,0.141471029,1.133185428,-0.260170396,0.009479656,0.102946393,0.000897856,0.58856829
307,04/08/2023,-0.659932352,0.149112457,0.079705889,1.133185428,-0.207369906,-0.026429438,-0.024884287,-0.000296329,0.426098544
308,05/08/2023,-0.255526601,0.070042344,-0.601929409,1.133185428,-0.048311136,0.026112908,0.064679775,-0.042453715,0.415079883
309,06/08/2023,0.615507859,-0.179795557,-0.635145071,1.133185428,0.077288548,-0.053175558,0.01378872,-0.019147456,0.515226905
310,07/08/2023,0.128319485,0.160241814,0.134637185,1.133185428,0.307615077,0.229853017,0.066453971,0.117442832,0.49962172
311,08/08/2023,-0.09535155,0.218718593,0.366631402,1.133185428,0.405104808,0.277445306,-0.140976538,0.001011986,0.46302588
312,09/08/2023,-0.476468441,0.087452115,0.211987307,0.834163509,0.089880634,0.080175685,-0.044138221,0.048771038,0.602742218
313,10/08/2023,0.005092405,0.359666112,0.302930315,0.283963178,0.159864,0.007474095,-0.037602546,0.045091557,0.527277668
314,11/08/2023,-0.328197023,-0.021874934,-0.012717075,0.283963178,-0.066628668,-0.054315094,0.011651016,0.008067221,0.437483922
315,12/08/2023,0.012625771,-0.293596543,-0.563134864,0.283963178,-0.06780001,-0.372802573,-0.113177937,-0.090084874,0.419899351
316,13/08/2023,-0.179240975,-0.270208127,-0.60892579,0.283963178,-0.326060776,-0.124372977,-0.043648577,-0.016137248,0.343368397
317,14/08/2023,-0.152044246,0.036190027,-0.13964273,0.283963178,0.169391937,-0.022850732,-0.046671593,-0.011699222,0.446682751
318,15/08/2023,0.119104615,-0.077746554,0.297142269,0.283963178,0.478388221,0.067629322,-0.225659311,0.060742979,0.393351862
319,16/08/2023,-0.374470691,0.636315378,0.797658431,0.283963178,0.123143193,-0.090400703,0.001939381,-0.082539976,0.32814408
320,17/08/2023,-0.378140148,0.263659671,0.840328228,-0.400302232,-0.138518078,-0.067507999,0.064679775,0.079844486,0.538180348
321,18/08/2023,-0.62649734,-0.06516685,0.448108943,-0.565259072,-0.212866203,-0.079544973,0.057920491,-0.075212257,0.370785618
322,19/08/2023,-0.131401972,-0.271651333,-0.599123922,-0.565259072,0.424163599,0.047446042,-0.098169303,-0.051585536,0.411122994
323,20/08/2023,0.020201698,-0.178790973,-0.626171627,-0.565259072,0.563213325,0.304130007,0.134709346,-0.018856311,0.449674163
324,21/08/2023,-0.355375185,0.052811328,0.518538085,-0.565259072,0.014612936,-0.018443536,0.140184598,-0.007182036,0.369650538
325,22/08/2023,-0.152044246,-0.126552599,0.409139433,-0.565259072,0.185271832,0.176238347,0.101456174,0.031538377,0.479366731
326,23/08/2023,1.362803091,-0.377456142,0.332055812,-0.565259072,-0.033980231,0.110205696,0.107293722,0.054428127,0.573631246
327,24/08/2023,0.22266623,-1.325021447,-0.600933817,-0.565259072,0.074112569,-0.82316246,-0.965668352,-0.249311522,0.960743666
328,25/08/2023,-0.662273463,-0.141003155,-0.261301918,-1.414481322,-1.16598505,-0.060477858,-0.102248573,-0.081632276,0.823060796
329,26/08/2023,-0.608928439,-0.34912687,-0.531740154,-1.414481322,-0.407672483,-0.075698675,-0.101419449,-0.089659469,0.389189668
330,27/08/2023,0.550421672,-0.278027023,-0.61925182,-1.414481322,-0.113781009,0.064758421,0.023935906,-0.011150247,0.458580563
331,28/08/2023,0.462534657,-0.098468892,0.305905884,-1.414481322,-0.184623848,0.089834566,-0.078446846,-0.05079238,0.412924257
332,29/08/2023,0.708759864,0.030594069,0.295868961,-1.414481322,0.014193925,-0.135839959,0.078932579,0.069894882,0.464815335
333,30/08/2023,1.276035803,-0.051187862,-0.062829526,-1.414481322,-0.019181812,-0.091163996,0.046664015,0.046815115,0.480551491
334,31/08/2023,0.24041965,-0.1515207,-0.652211264,-1.414481322,-0.239978514,0.0069522,0.002263473,-0.014842437,0.480199034
335,01/09/2023,0.756361061,-0.286761723,0.023327086,1.763363675,-1.103911698,-0.197771843,0.046173241,0.176848768,0.305006682
336,02/09/2023,0.829646686,0.233825357,-0.56433081,1.341573389,-0.808357233,0.013762271,-0.205387427,0.022380493,0.792360556
337,03/09/2023,0.0,0.0,0.0,0.0,0.0,0.0,0.0,0.0,0.820256472
338,04/09/2023,1.032752561,-0.59890448,-0.313336017,1.341573389,-0.00862162,-0.146896549,0.138941461,-0.038648846,0.72724762
339,05/09/2023,1.207222483,-0.277673911,0.6878094,1.341573389,-0.532392127,0.229180859,0.009835785,0.021410961,0.500160036
340,06/09/2023,1.006564378,-0.300909795,0.240604375,1.341573389,-0.523576915,0.301137909,-0.040591706,0.053254595,0.423341837
341,07/09/2023,0.756361061,0.056935733,0.305636603,1.341573389,-0.421528594,0.047232859,-0.047430728,-0.001886612,0.527723193
342,08/09/2023,0.087629733,0.292483056,0.26114489,1.341573389,-0.401969843,0.15835521,-0.120558829,0.106071997,0.342035911
343,09/09/2023,0.16824392,0.005610246,-0.600725532,0.870160717,-0.19768955,0.040538742,0.019847125,-0.086096898,0.504855672
344,10/09/2023,0.454754587,-0.252579156,-0.666841748,0.448370431,0.146379189,-0.07086646,0.027633723,-0.04866205,0.561328877
345,11/09/2023,-0.563087681,-0.002138569,0.33819852,0.448370431,-0.085944796,-0.031626654,-0.09410998,-0.016705438,0.823490575
346,12/09/2023,-1.232259856,0.252104253,0.235610035,0.448370431,-0.281158588,0.098843562,-0.141446687,-0.028888093,0.999722749
347,13/09/2023,-1.280355606,0.29466712,0.283567463,0.448370431,-0.456947042,-0.002645438,-0.063985685,0.104728475,0.999942278
348,14/09/2023,-1.483082488,0.359918756,0.29130962,0.448370431,-0.680046926,-0.140108149,0.048397984,-0.036693195,0.99966754
349,15/09/2023,-1.33030812,0.45561214,0.105322863,0.448370431,-0.771907514,0.021296616,0.106087851,-0.003163379,0.999939456
350,16/09/2023,-1.000341494,0.157529329,-0.560127916,0.448370431,-0.849693522,-0.004662936,-0.002797017,-0.083568885,0.950630756
351,17/09/2023,-0.672197331,0.433841291,-0.482844526,-0.413674284,-1.057819757,-0.294852115,0.010663596,-0.080056235,0.777966847
352,18/09/2023,-1.229386233,0.534739354,0.231251134,-0.444832527,-0.37580458,0.273386926,-0.100550981,0.043239668,0.991972797
353,19/09/2023,-1.077829511,0.101230243,0.360810086,-0.444832527,-0.980997027,-0.138133341,0.094407105,-0.066798839,0.961777143
354,20/09/2023,-1.015101116,0.14829997,0.364256459,-0.444832527,-0.893461357,0.13824477,0.115026161,-0.002230902,0.964761013
355,21/09/2023,-0.609211501,-0.024289029,0.365601385,-0.444832527,-0.236943828,-0.020841167,-0.002797017,-0.037845393,0.807563319
356,22/09/2023,0.754208616,-0.074127564,0.061311902,-0.444832527,1.111105499,0.018256224,0.000148562,-0.086791456,0.3322631
357,23/09/2023,0.683884105,-0.36539338,-0.63222464,-0.444832527,1.040986409,0.196802528,-0.01011018,-0.05489972,0.457230957
358,24/09/2023,0.626279077,-0.285845197,-0.839795448,-0.897636804,1.282255972,0.199858739,-0.018179488,0.017311175,0.424207682
359,25/09/2023,0.687790315,-0.117505548,0.327270997,-1.338035484,1.229278655,0.161163931,0.115026161,0.089680475,0.354226011
360,26/09/2023,0.606612392,-0.062129398,0.477566465,-1.338035484,0.769716384,-0.228461797,0.050223413,-0.01064753,0.370844324
361,27/09/2023,0.663740505,-0.001117449,0.191667771,-1.338035484,1.01231746,-0.103826312,-0.019175274,0.076647344,0.324486914
362,28/09/2023,0.523679202,0.011109405,-0.626185142,-1.338035484,0.94106442,-0.129491844,0.008146629,0.003530726,0.249355272
363,29/09/2023,0.63567367,-0.004861557,-0.035779705,-1.338035484,0.83698227,-0.129805185,-0.102821375,-0.043755946,0.363036551
364,30/09/2023,0.650096905,-0.454486082,-0.628939789,-1.338035484,0.930198447,-0.338348311,0.037397869,0.003211031,0.432616963
365,01/10/2023,0.100270516,-0.175164721,-0.697299707,2.027163381,0.398664626,-0.014570428,0.021149979,-0.077725923,0.307127555
366,02/10/2023,0.14907307,0.016401733,0.164932078,1.200459335,0.217865758,0.055879525,-0.023819806,-0.033687377,0.395170295
367,03/10/2023,0.01602004,0.150023335,0.525441946,1.200459335,0.43331581,-0.113607868,-0.068702598,0.018119502,0.471063506
368,04/10/2023,0.212090399,0.352820749,0.375415779,1.200459335,0.506485337,-0.057322351,0.054061842,0.075887683,0.305626902
369,05/10/2023,0.117355365,0.196027839,0.336168446,1.200459335,0.348950249,-0.095904632,0.068374403,0.111563609,0.366799778
370,06/10/2023,0.719039169,-0.015734771,0.150132654,1.200459335,-0.043014639,-0.14295932,-0.059247035,-0.01958696,0.28717836
371,07/10/2023,0.347132444,-0.376269984,-0.612307601,1.200459335,0.279274179,-0.220891466,-0.033673055,-0.002293096,0.466766367
372,08/10/2023,-0.167151483,-0.311324643,-0.603422792,1.200459335,0.096769627,-0.19448404,-0.046194709,-0.09011838,0.505553955
373,09/10/2023,0.222593287,0.115717647,0.391131862,0.737201616,0.443824508,-0.175513842,-0.041405985,0.09545249,0.413254159
374,10/10/2023,0.612815979,0.049792428,0.464251469,0.356040201,0.220589573,-0.225842276,0.024976786,0.075159919,0.391692886
375,11/10/2023,0.595849775,-0.026571499,0.284250073,0.356040201,0.272931336,-0.044536464,0.108076533,0.066469804,0.393331022
376,12/10/2023,0.514628585,-0.126598554,0.264758482,0.356040201,0.546885614,0.163680409,-0.030679663,0.006731818,0.289381908
377,13/10/2023,0.470442239,-0.163625056,0.178534121,0.356040201,0.28393914,0.076655774,-0.055589709,-0.012756544,0.369392795
378,14/10/2023,0.720919225,-0.289608243,-0.585693209,0.356040201,0.184527307,-0.184767259,0.067016178,-0.021346806,0.226149082
379,15/10/2023,0.652961363,-0.362650418,-0.839951987,0.356040201,0.295101984,0.00032175,0.081614701,-0.074705486,0.393624497
380,16/10/2023,0.071795768,-0.068422819,0.183000427,0.291084883,0.102290454,-0.181635279,-0.011316812,-0.075563852,0.241910448
381,17/10/2023,-0.081967871,0.099863963,0.472346988,-0.488378932,-0.094654963,-0.148661953,0.000489294,0.061289533,0.324633242
382,18/10/2023,0.250870294,0.135771822,0.361650229,-0.488378932,-0.116325333,-0.064183071,0.096352414,-0.034730647,0.238506952
383,19/10/2023,0.886173559,0.045050554,0.412621094,-0.488378932,-0.031555946,0.196458858,0.089035088,-0.009729896,0.399080948
384,20/10/2023,0.725924005,0.010671969,0.158148694,-0.488378932,-0.357474586,-0.115482544,-0.088302461,-0.06094302,0.350709608
385,21/10/2023,-0.085222128,-0.192652809,-0.621498239,-0.488378932,-0.449648395,0.272116939,-0.023987293,-0.003344335,0.358943921
386,22/10/2023,-0.833701216,-0.37710886,-0.705619296,-0.488378932,-0.348963124,0.132710428,-0.064444289,-0.058258118,0.400977097
387,23/10/2023,-1.170786084,0.027619159,0.138266445,-0.488378932,-0.394247373,0.249363243,-0.03133315,0.025745847,0.417659108
388,24/10/2023,-0.657061254,0.254818195,0.320548992,-0.910588499,-0.531875734,0.132430993,-0.148512767,0.044849885,0.332385338
389,25/10/2023,-0.474919392,0.153715734,0.338182662,-1.332798066,-0.542084358,0.221738407,0.015246926,0.004728523,0.346237645
390,26/10/2023,-0.654631146,0.246480013,0.15431727,-1.332798066,-0.829423224,0.14310554,0.114310132,-0.042579201,0.279376055
391,27/10/2023,-0.454299747,0.060461644,0.032353197,-1.332798066,-0.358325778,0.029157129,-0.036150345,-0.081163779,0.361181015
392,28/10/2023,-0.339203129,-0.002401578,-0.547950434,-1.332798066,0.062109603,0.016924516,-0.072945516,0.04309869,0.326378014
393,29/10/2023,-0.682270925,-0.009382206,-0.765696097,-1.332798066,-0.110628894,0.160661427,0.069973146,0.078233366,0.363612323
394,30/10/2023,-0.952406584,0.235229964,0.130201002,-1.332798066,-0.219103637,0.088995437,-0.000745742,-0.020949091,0.229777155
395,31/10/2023,-0.887045276,0.394277625,0.141381058,-1.381397728,-0.313692602,0.021407661,0.004056607,0.0256759,0.239097187
396,01/11/2023,1.750760619,0.01109385,0.053834341,1.361266119,-0.394576478,0.076798591,-0.082065179,-0.024610897,0.439439641
397,02/11/2023,1.499658562,-0.052848925,0.407493826,1.361266119,-0.46345985,-0.296905039,0.035586141,0.050615435,0.821982067
398,03/11/2023,1.387022754,0.025622518,0.114355791,1.361266119,-0.255998076,-0.172846221,-0.000569889,0.013297218,0.812804473
399,04/11/2023,1.822805958,-0.106251792,-0.542579673,1.361266119,-0.496642705,-0.237324993,-0.090284674,-0.053091203,0.733404566
400,05/11/2023,1.654739177,-0.205117327,-0.795829465,1.361266119,-0.560873585,-0.314532065,0.106437465,-0.051367129,0.68719848
401,06/11/2023,0.751766989,0.166192961,0.266843862,1.361266119,-0.562458064,-0.256987928,-0.038087614,0.001960692,0.958710557
402,07/11/2023,-0.043155573,0.104573264,0.349834224,1.361266119,-0.77037897,-0.147754642,0.178856364,0.063725673,0.999988352
403,08/11/2023,0.028399521,0.111424107,0.199492938,0.876336116,-0.653126641,-0.331926184,0.035774244,-0.012570396,0.962986979
404,09/11/2023,-0.221974917,-0.083225187,0.454809785,0.461593351,-0.105134148,-0.02901213,0.07224785,9.68e-05,0.999996377
405,10/11/2023,-0.133372378,-0.008642731,0.209722923,0.461593351,0.017213295,-0.066843896,-0.070194946,0.00590933,0.983374079
406,11/11/2023,0.051388528,-0.204917572,-0.729047288,0.461593351,0.103529919,0.048260566,-0.008618112,0.018261925,0.957225695
407,12/11/2023,-0.432848961,-0.02847849,-0.67350677,0.461593351,-0.096071374,0.01945982,-0.040519363,0.005441159,0.985694945
408,13/11/2023,-0.331442731,-0.297803406,-0.594265658,0.461593351,0.155564192,0.117644243,-0.057927645,0.013641729,0.946959516
409,14/11/2023,-0.444658413,0.06374079,0.260301563,0.461593351,-0.121851728,-0.045259522,0.073222905,-0.068861085,0.960191193
410,15/11/2023,-0.618914293,0.120686423,0.331599451,0.461593351,-0.016772106,-0.081030808,-0.019746455,0.056592785,0.999999151
411,16/11/2023,-0.323437131,-0.001634095,0.362873266,-0.438079417,0.078780366,0.119876559,0.076843444,0.040201041,0.974271816
412,17/11/2023,-0.395586671,0.12994862,0.176029848,-0.438079417,-0.004468132,-0.111407877,0.132835498,0.060332308,0.999990801
413,18/11/2023,-0.447025367,0.011193029,-0.603481953,-0.438079417,0.372927156,0.153053244,-0.043486921,-0.053698979,0.999998137
414,19/11/2023,0.072505467,-0.138732254,-0.556691064,-0.438079417,0.200278174,0.315940015,0.059161743,-0.07063997,0.904708553
415,20/11/2023,-0.314336736,0.19178912,0.416039497,-0.438079417,0.290083696,0.181764852,-0.066209939,0.019079743,0.962709992
416,21/11/2023,-0.501958941,0.083395194,0.433468888,-0.438079417,0.2551111,0.047833645,0.036637151,-0.064719978,0.999998505
417,22/11/2023,-0.52486117,0.244718744,0.377437536,-0.438079417,0.202062624,0.120969624,-0.006423142,-0.0389227,0.999999012
418,23/11/2023,-0.550294454,0.048658699,0.280910091,-0.846441524,-0.145306016,-0.100516851,-0.057524945,0.066182308,0.999998984
419,24/11/2023,-0.470062027,-0.030858781,0.177378127,-1.337752185,0.2551111,0.216894349,-0.076130062,0.038749127,0.960525013
420,25/11/2023,-0.188305952,-0.123690137,-0.648664633,-1.337752185,0.200734459,0.235810233,-0.001941106,-0.017881433,0.937442931
421,26/11/2023,-0.533855855,-0.114168972,-0.710103074,-1.337752185,0.40917825,0.228716776,0.045539826,-0.056553569,0.997447362
422,27/11/2023,-0.543801802,0.020205728,0.251362094,-1.337752185,0.331251162,0.19860289,0.025749138,0.00251445,0.999995043
423,28/11/2023,-0.604737887,-0.005469009,0.306007048,-1.337752185,0.53605708,0.028917762,-0.120643436,0.020600894,0.999999039
424,29/11/2023,-0.466517926,-0.080051465,0.254988966,-1.337752185,0.780751965,0.054927101,-0.073162504,0.064961608,0.960552504
425,30/11/2023,-0.439937164,0.147663056,0.168124847,-1.337752185,0.350270222,0.043104674,-0.055357154,-0.032547524,0.999998661
426,01/12/2023,-0.445686015,-0.251464058,0.231506079,1.499013948,-0.386563558,0.165401656,-0.19555811,0.100354107,0.947481075
427,02/12/2023,-0.470390657,-0.366318975,-0.562125496,1.299600874,-0.142275123,0.289750178,0.112724754,-0.085923228,0.905840604
428,03/12/2023,-0.43042173,-0.406347889,-0.514232922,1.299600874,-0.129834157,0.290696789,0.074738367,-0.103641956,0.921335761
429,04/12/2023,-0.718423023,-0.061511268,0.392121995,1.299600874,-0.346539007,0.336884126,-0.047429442,0.018208246,0.987033991
430,05/12/2023,-0.835537379,0.100626618,0.560758815,1.299600874,-0.232622188,0.278239957,-0.015817186,0.020925422,0.999715825
431,06/12/2023,-0.842006514,0.269414586,0.380362625,1.299600874,0.099830866,-0.257840986,0.069177389,0.014629114,0.999998761
432,07/12/2023,-0.79884089,-0.078976083,0.403922705,1.299600874,0.041989438,-0.138600778,0.03831865,0.042875802,0.959874898
433,08/12/2023,-0.562088076,0.208909113,0.179978095,1.185584602,0.417594976,-0.014344714,0.048855285,-0.017520893,0.999990727
434,09/12/2023,0.757956519,-0.008607854,-0.574432789,0.435477553,-0.217047039,0.185372619,-0.14001238,0.029123217,0.841766192
435,10/12/2023,0.184610332,-0.099559575,-0.490254888,0.435477553,-0.124079878,-0.013211884,0.004081233,-0.026575954,0.926983396
436,11/12/2023,0.116794573,0.045288679,-0.518239628,0.435477553,0.058218899,-0.116811471,-0.102108915,-0.066712627,0.942714997
437,12/12/2023,-0.108427159,0.168856194,0.643677835,0.435477553,0.169814628,-0.039685955,0.249173166,-0.029971356,0.963829572
438,13/12/2023,0.390278104,0.313728453,0.550569871,0.435477553,0.387331727,-0.107997126,0.002404762,0.095077072,0.947779392
439,14/12/2023,0.411751108,0.211725044,0.486427141,0.435477553,0.154683004,-0.089027123,-0.165094815,0.149916306,0.922675634
440,15/12/2023,0.07979386,0.030801453,0.241252703,0.435477553,0.184946252,-0.09147023,-0.075980496,-0.108253103,0.960577421
441,16/12/2023,0.161838919,-0.040782487,-0.483922167,-0.050591815,0.32680523,-0.232499745,0.135950016,-0.019219527,0.92319697
442,17/12/2023,0.427278817,0.049549627,-0.6373847,-0.428645767,0.149008645,-0.107997126,0.133046858,0.007785939,0.840071945
443,18/12/2023,-0.114862066,0.274527724,0.252385177,-0.428645767,0.198186423,-0.163086781,0.057564758,0.028712213,0.999989169
444,19/12/2023,0.017156205,0.07190601,0.511898863,-0.428645767,0.269618958,-0.087461578,-0.122554558,0.004276366,0.98851234
445,20/12/2023,-0.016392245,0.117540068,0.321651902,-0.428645767,0.354356955,-0.20184216,0.14941011,-0.016549755,0.992653864
446,21/12/2023,0.171559253,0.024019943,0.283573209,-0.428645767,0.236521648,-0.071312072,-0.146065176,-0.037171271,0.961072277
447,22/12/2023,0.305983077,0.053178883,0.132651409,-0.428645767,0.232457436,-0.209608645,-0.002609783,-0.009140105,0.929020067
448,23/12/2023,0.248812843,-0.103028603,-0.483058896,-0.428645767,0.337228344,-0.270874964,-0.092905288,-0.028325405,0.941735612
449,24/12/2023,0.512518672,-0.151411121,-0.5961501,-1.207573831,0.134862707,-0.256785748,0.021745516,0.16871766,0.874203641
450,25/12/2023,0.391749918,-0.31625736,-0.584913105,-1.292769088,0.250301991,-0.300131087,-0.033606748,-0.020188856,0.897980395
451,26/12/2023,-0.301542332,0.145006883,0.258382278,-1.292769088,0.106091309,-0.100362166,0.021745516,-0.006101566,0.999990699
452,27/12/2023,-0.331796081,0.198306697,0.336203918,-1.292769088,0.154996072,-0.141278876,0.191870839,0.026570134,0.959864479
453,28/12/2023,-0.320947825,0.060044076,0.373256449,-1.292769088,-0.218951719,0.269694462,-0.058155514,-0.053097292,0.999993446
454,29/12/2023,-0.406806579,0.055753331,0.107729285,-1.292769088,-0.348469958,0.44277614,0.082170542,-0.035421639,0.999994929
455,30/12/2023,0.148845358,-0.053231609,-0.574525437,-1.292769088,-0.767499554,0.376206263,-0.025997459,-0.043522715,0.926244592
456,31/12/2023,2.445443521,-0.476396508,-0.638846975,-1.574681661,-1.364596466,0.376135444,-0.187782952,0.034538085,0.602300587
